﻿<?xml version="1.0" encoding="utf-8"?>
<deployment>
  <id>28056b4b456e6756a6ea6d3a32809f22b201af1e1762021340691</id>
  <author>Longevitate</author>
  <deployer>GitHub</deployer>
  <authorEmail />
  <message>{"type":"Deployment","sha":"28056b4b456e6756a6ea6d3a32809f22b201af1e","repoName":"Longevitate/ProvGPT","actor":"Longevitate","slotName":"production"}</message>
  <progress />
  <status>Success</status>
  <statusText />
  <lastSuccessEndTime>2025-11-01T18:22:38.5886527Z</lastSuccessEndTime>
  <receivedTime>2025-11-01T18:22:38.5886527Z</receivedTime>
  <startTime>2025-11-01T18:22:38.5886527Z</startTime>
  <endTime>2025-11-01T18:22:38.5886527Z</endTime>
  <complete>True</complete>
  <is_temp>False</is_temp>
  <is_readonly>True</is_readonly>
  <buildSummary />
</deployment>