﻿<?xml version="1.0" encoding="utf-8"?>
<deployment>
  <id>096916a180850c8494c2a84c1d4bebdc2d6a18991762219018695</id>
  <author>Longevitate</author>
  <deployer>GitHub</deployer>
  <authorEmail />
  <message>{"type":"Deployment","sha":"096916a180850c8494c2a84c1d4bebdc2d6a1899","repoName":"Longevitate/GTPAppDemos","actor":"Longevitate","slotName":"production"}</message>
  <progress />
  <status>Success</status>
  <statusText />
  <lastSuccessEndTime>2025-11-04T01:17:30.6711802Z</lastSuccessEndTime>
  <receivedTime>2025-11-04T01:17:30.6711802Z</receivedTime>
  <startTime>2025-11-04T01:17:30.6711802Z</startTime>
  <endTime>2025-11-04T01:17:30.6711802Z</endTime>
  <complete>True</complete>
  <is_temp>False</is_temp>
  <is_readonly>True</is_readonly>
  <buildSummary />
</deployment>