﻿<?xml version="1.0" encoding="utf-8"?>
<deployment>
  <id>9498e91fd1b300a2501c823079f8061381848ebb1762205022916</id>
  <author>Longevitate</author>
  <deployer>GitHub</deployer>
  <authorEmail />
  <message>{"type":"Deployment","sha":"9498e91fd1b300a2501c823079f8061381848ebb","repoName":"Longevitate/ProvGPT","actor":"Longevitate","slotName":"production"}</message>
  <progress />
  <status>Success</status>
  <statusText />
  <lastSuccessEndTime>2025-11-03T21:24:30.8563884Z</lastSuccessEndTime>
  <receivedTime>2025-11-03T21:24:30.8563884Z</receivedTime>
  <startTime>2025-11-03T21:24:30.8563884Z</startTime>
  <endTime>2025-11-03T21:24:30.8563884Z</endTime>
  <complete>True</complete>
  <is_temp>False</is_temp>
  <is_readonly>True</is_readonly>
  <buildSummary />
</deployment>