﻿<?xml version="1.0" encoding="utf-8"?>
<deployment>
  <id>1b3aa3c6d805ae6481bc0d5fe687a73526c7e9bb1761959911593</id>
  <author>Longevitate</author>
  <deployer>GitHub</deployer>
  <authorEmail />
  <message>{"type":"Deployment","sha":"1b3aa3c6d805ae6481bc0d5fe687a73526c7e9bb","repoName":"Longevitate/ProvGPT","actor":"Longevitate","slotName":"production"}</message>
  <progress />
  <status>Success</status>
  <statusText />
  <lastSuccessEndTime>2025-11-01T01:18:48.8027345Z</lastSuccessEndTime>
  <receivedTime>2025-11-01T01:18:48.8027345Z</receivedTime>
  <startTime>2025-11-01T01:18:48.8027345Z</startTime>
  <endTime>2025-11-01T01:18:48.8027345Z</endTime>
  <complete>True</complete>
  <is_temp>False</is_temp>
  <is_readonly>True</is_readonly>
  <buildSummary />
</deployment>