﻿<?xml version="1.0" encoding="utf-8"?>
<deployment>
  <id>f444eb1b51947568a3d9cb2e71ed0b05cc7aa3141762023427240</id>
  <author>Longevitate</author>
  <deployer>GitHub</deployer>
  <authorEmail />
  <message>{"type":"Deployment","sha":"f444eb1b51947568a3d9cb2e71ed0b05cc7aa314","repoName":"Longevitate/ProvGPT","actor":"Longevitate","slotName":"production"}</message>
  <progress />
  <status>Success</status>
  <statusText />
  <lastSuccessEndTime>2025-11-01T18:57:51.9031891Z</lastSuccessEndTime>
  <receivedTime>2025-11-01T18:57:51.9031891Z</receivedTime>
  <startTime>2025-11-01T18:57:51.9031891Z</startTime>
  <endTime>2025-11-01T18:57:51.9031891Z</endTime>
  <complete>True</complete>
  <is_temp>False</is_temp>
  <is_readonly>True</is_readonly>
  <buildSummary />
</deployment>