﻿<?xml version="1.0" encoding="utf-8"?>
<deployment>
  <id>b7d622f577a933f9e0be0d8886a21b05f53f12e71762199126673</id>
  <author>Longevitate</author>
  <deployer>GitHub</deployer>
  <authorEmail />
  <message>{"type":"Deployment","sha":"b7d622f577a933f9e0be0d8886a21b05f53f12e7","repoName":"Longevitate/ProvGPT","actor":"Longevitate","slotName":"production"}</message>
  <progress />
  <status>Success</status>
  <statusText />
  <lastSuccessEndTime>2025-11-03T19:45:33.7149154Z</lastSuccessEndTime>
  <receivedTime>2025-11-03T19:45:33.7149154Z</receivedTime>
  <startTime>2025-11-03T19:45:33.7149154Z</startTime>
  <endTime>2025-11-03T19:45:33.7149154Z</endTime>
  <complete>True</complete>
  <is_temp>False</is_temp>
  <is_readonly>True</is_readonly>
  <buildSummary />
</deployment>