﻿<?xml version="1.0" encoding="utf-8"?>
<deployment>
  <id>96ac7f29ca2ba0606aeb75ecb44142733e1d30b31762201734386</id>
  <author>Longevitate</author>
  <deployer>GitHub</deployer>
  <authorEmail />
  <message>{"type":"Deployment","sha":"96ac7f29ca2ba0606aeb75ecb44142733e1d30b3","repoName":"Longevitate/ProvGPT","actor":"Longevitate","slotName":"production"}</message>
  <progress />
  <status>Success</status>
  <statusText />
  <lastSuccessEndTime>2025-11-03T20:29:16.1355459Z</lastSuccessEndTime>
  <receivedTime>2025-11-03T20:29:16.1355459Z</receivedTime>
  <startTime>2025-11-03T20:29:16.1355459Z</startTime>
  <endTime>2025-11-03T20:29:16.1355459Z</endTime>
  <complete>True</complete>
  <is_temp>False</is_temp>
  <is_readonly>True</is_readonly>
  <buildSummary />
</deployment>