﻿<?xml version="1.0" encoding="utf-8"?>
<deployment>
  <id>3777050989c18106e4624dfeb2409be5854acbee1762018684337</id>
  <author>Longevitate</author>
  <deployer>GitHub</deployer>
  <authorEmail />
  <message>{"type":"Deployment","sha":"3777050989c18106e4624dfeb2409be5854acbee","repoName":"Longevitate/ProvGPT","actor":"Longevitate","slotName":"production"}</message>
  <progress />
  <status>Success</status>
  <statusText />
  <lastSuccessEndTime>2025-11-01T17:38:22.253694Z</lastSuccessEndTime>
  <receivedTime>2025-11-01T17:38:22.253694Z</receivedTime>
  <startTime>2025-11-01T17:38:22.253694Z</startTime>
  <endTime>2025-11-01T17:38:22.253694Z</endTime>
  <complete>True</complete>
  <is_temp>False</is_temp>
  <is_readonly>True</is_readonly>
  <buildSummary />
</deployment>