﻿<?xml version="1.0" encoding="utf-8"?>
<deployment>
  <id>30b8d0ab9419f7c9df2d05ec0bb73330d9f053f61762025785874</id>
  <author>Longevitate</author>
  <deployer>GitHub</deployer>
  <authorEmail />
  <message>{"type":"Deployment","sha":"30b8d0ab9419f7c9df2d05ec0bb73330d9f053f6","repoName":"Longevitate/ProvGPT","actor":"Longevitate","slotName":"production"}</message>
  <progress />
  <status>Success</status>
  <statusText />
  <lastSuccessEndTime>2025-11-01T19:36:27.5093987Z</lastSuccessEndTime>
  <receivedTime>2025-11-01T19:36:27.5093987Z</receivedTime>
  <startTime>2025-11-01T19:36:27.5093987Z</startTime>
  <endTime>2025-11-01T19:36:27.5093987Z</endTime>
  <complete>True</complete>
  <is_temp>False</is_temp>
  <is_readonly>True</is_readonly>
  <buildSummary />
</deployment>