﻿<?xml version="1.0" encoding="utf-8"?>
<deployment>
  <id>e98972053c19fecd0350311193470c1e665996b31762022484421</id>
  <author>Longevitate</author>
  <deployer>GitHub</deployer>
  <authorEmail />
  <message>{"type":"Deployment","sha":"e98972053c19fecd0350311193470c1e665996b3","repoName":"Longevitate/ProvGPT","actor":"Longevitate","slotName":"production"}</message>
  <progress />
  <status>Success</status>
  <statusText />
  <lastSuccessEndTime>2025-11-01T18:41:24.9580016Z</lastSuccessEndTime>
  <receivedTime>2025-11-01T18:41:24.9580016Z</receivedTime>
  <startTime>2025-11-01T18:41:24.9580016Z</startTime>
  <endTime>2025-11-01T18:41:24.9580016Z</endTime>
  <complete>True</complete>
  <is_temp>False</is_temp>
  <is_readonly>True</is_readonly>
  <buildSummary />
</deployment>