﻿<?xml version="1.0" encoding="utf-8"?>
<deployment>
  <id>97c86178a7e126a64f1cdf56bc77f64e93761f7a1762203987466</id>
  <author>Longevitate</author>
  <deployer>GitHub</deployer>
  <authorEmail />
  <message>{"type":"Deployment","sha":"97c86178a7e126a64f1cdf56bc77f64e93761f7a","repoName":"Longevitate/ProvGPT","actor":"Longevitate","slotName":"production"}</message>
  <progress />
  <status>Success</status>
  <statusText />
  <lastSuccessEndTime>2025-11-03T21:06:34.635007Z</lastSuccessEndTime>
  <receivedTime>2025-11-03T21:06:34.635007Z</receivedTime>
  <startTime>2025-11-03T21:06:34.635007Z</startTime>
  <endTime>2025-11-03T21:06:34.635007Z</endTime>
  <complete>True</complete>
  <is_temp>False</is_temp>
  <is_readonly>True</is_readonly>
  <buildSummary />
</deployment>