﻿<?xml version="1.0" encoding="utf-8"?>
<deployment>
  <id>7edb30ce1fd3598ec10f00c70b14d23166e3ff4f1762197015044</id>
  <author>Longevitate</author>
  <deployer>GitHub</deployer>
  <authorEmail />
  <message>{"type":"Deployment","sha":"7edb30ce1fd3598ec10f00c70b14d23166e3ff4f","repoName":"Longevitate/ProvGPT","actor":"Longevitate","slotName":"production"}</message>
  <progress />
  <status>Success</status>
  <statusText />
  <lastSuccessEndTime>2025-11-03T19:10:21.5794996Z</lastSuccessEndTime>
  <receivedTime>2025-11-03T19:10:21.5794996Z</receivedTime>
  <startTime>2025-11-03T19:10:21.5794996Z</startTime>
  <endTime>2025-11-03T19:10:21.5794996Z</endTime>
  <complete>True</complete>
  <is_temp>False</is_temp>
  <is_readonly>True</is_readonly>
  <buildSummary />
</deployment>