﻿<?xml version="1.0" encoding="utf-8"?>
<deployment>
  <id>70d750e817c6f752cb0a1f65331a88ee1ba9ff031762214739039</id>
  <author>Longevitate</author>
  <deployer>GitHub</deployer>
  <authorEmail />
  <message>{"type":"Deployment","sha":"70d750e817c6f752cb0a1f65331a88ee1ba9ff03","repoName":"Longevitate/ProvGPT","actor":"Longevitate","slotName":"production"}</message>
  <progress />
  <status>Success</status>
  <statusText />
  <lastSuccessEndTime>2025-11-04T00:05:55.4537912Z</lastSuccessEndTime>
  <receivedTime>2025-11-04T00:05:55.4537912Z</receivedTime>
  <startTime>2025-11-04T00:05:55.4537912Z</startTime>
  <endTime>2025-11-04T00:05:55.4537912Z</endTime>
  <complete>True</complete>
  <is_temp>False</is_temp>
  <is_readonly>True</is_readonly>
  <buildSummary />
</deployment>