﻿<?xml version="1.0" encoding="utf-8"?>
<deployment>
  <id>bc5301caf1cbafbd6a5187a0617174941cffa8721762021858550</id>
  <author>Longevitate</author>
  <deployer>GitHub</deployer>
  <authorEmail />
  <message>{"type":"Deployment","sha":"bc5301caf1cbafbd6a5187a0617174941cffa872","repoName":"Longevitate/ProvGPT","actor":"Longevitate","slotName":"production"}</message>
  <progress />
  <status>Success</status>
  <statusText />
  <lastSuccessEndTime>2025-11-01T18:31:01.5453339Z</lastSuccessEndTime>
  <receivedTime>2025-11-01T18:31:01.5453339Z</receivedTime>
  <startTime>2025-11-01T18:31:01.5453339Z</startTime>
  <endTime>2025-11-01T18:31:01.5453339Z</endTime>
  <complete>True</complete>
  <is_temp>False</is_temp>
  <is_readonly>True</is_readonly>
  <buildSummary />
</deployment>