﻿<?xml version="1.0" encoding="utf-8"?>
<deployment>
  <id>58dcb3e6932ce8a012649c78ccb4b4c730f693f21762212696950</id>
  <author>Longevitate</author>
  <deployer>GitHub</deployer>
  <authorEmail />
  <message>{"type":"Deployment","sha":"58dcb3e6932ce8a012649c78ccb4b4c730f693f2","repoName":"Longevitate/ProvGPT","actor":"Longevitate","slotName":"production"}</message>
  <progress />
  <status>Success</status>
  <statusText />
  <lastSuccessEndTime>2025-11-03T23:31:39.1035079Z</lastSuccessEndTime>
  <receivedTime>2025-11-03T23:31:39.1035079Z</receivedTime>
  <startTime>2025-11-03T23:31:39.1035079Z</startTime>
  <endTime>2025-11-03T23:31:39.1035079Z</endTime>
  <complete>True</complete>
  <is_temp>False</is_temp>
  <is_readonly>True</is_readonly>
  <buildSummary />
</deployment>