﻿<?xml version="1.0" encoding="utf-8"?>
<deployment>
  <id>9b916ee5d9c17f43186afda5a0a6dc85d68cec3b1762212304749</id>
  <author>Longevitate</author>
  <deployer>GitHub</deployer>
  <authorEmail />
  <message>{"type":"Deployment","sha":"9b916ee5d9c17f43186afda5a0a6dc85d68cec3b","repoName":"Longevitate/ProvGPT","actor":"Longevitate","slotName":"production"}</message>
  <progress />
  <status>Success</status>
  <statusText />
  <lastSuccessEndTime>2025-11-03T23:26:26.70045Z</lastSuccessEndTime>
  <receivedTime>2025-11-03T23:26:26.70045Z</receivedTime>
  <startTime>2025-11-03T23:26:26.70045Z</startTime>
  <endTime>2025-11-03T23:26:26.70045Z</endTime>
  <complete>True</complete>
  <is_temp>False</is_temp>
  <is_readonly>True</is_readonly>
  <buildSummary />
</deployment>