﻿<?xml version="1.0" encoding="utf-8"?>
<deployment>
  <id>fd31f8ee80004bd0d9af824a50e7636e93bffa811762024590695</id>
  <author>Longevitate</author>
  <deployer>GitHub</deployer>
  <authorEmail />
  <message>{"type":"Deployment","sha":"fd31f8ee80004bd0d9af824a50e7636e93bffa81","repoName":"Longevitate/ProvGPT","actor":"Longevitate","slotName":"production"}</message>
  <progress />
  <status>Success</status>
  <statusText />
  <lastSuccessEndTime>2025-11-01T19:16:33.482018Z</lastSuccessEndTime>
  <receivedTime>2025-11-01T19:16:33.482018Z</receivedTime>
  <startTime>2025-11-01T19:16:33.482018Z</startTime>
  <endTime>2025-11-01T19:16:33.482018Z</endTime>
  <complete>True</complete>
  <is_temp>False</is_temp>
  <is_readonly>True</is_readonly>
  <buildSummary />
</deployment>