﻿<?xml version="1.0" encoding="utf-8"?>
<deployment>
  <id>727da17a4f3e6372c46e48049138bdc25b8023c91762212012409</id>
  <author>Longevitate</author>
  <deployer>GitHub</deployer>
  <authorEmail />
  <message>{"type":"Deployment","sha":"727da17a4f3e6372c46e48049138bdc25b8023c9","repoName":"Longevitate/ProvGPT","actor":"Longevitate","slotName":"production"}</message>
  <progress />
  <status>Success</status>
  <statusText />
  <lastSuccessEndTime>2025-11-03T23:20:14.0688697Z</lastSuccessEndTime>
  <receivedTime>2025-11-03T23:20:14.0688697Z</receivedTime>
  <startTime>2025-11-03T23:20:14.0688697Z</startTime>
  <endTime>2025-11-03T23:20:14.0688697Z</endTime>
  <complete>True</complete>
  <is_temp>False</is_temp>
  <is_readonly>True</is_readonly>
  <buildSummary />
</deployment>