﻿<?xml version="1.0" encoding="utf-8"?>
<deployment>
  <id>decae14022ae8b99c54a5daa7b87a62963f4ff451762212042822</id>
  <author>Longevitate</author>
  <deployer>GitHub</deployer>
  <authorEmail />
  <message>{"type":"Deployment","sha":"decae14022ae8b99c54a5daa7b87a62963f4ff45","repoName":"Longevitate/ProvGPT","actor":"Longevitate","slotName":"production"}</message>
  <progress />
  <status>Success</status>
  <statusText />
  <lastSuccessEndTime>2025-11-03T23:20:43.9826739Z</lastSuccessEndTime>
  <receivedTime>2025-11-03T23:20:43.9826739Z</receivedTime>
  <startTime>2025-11-03T23:20:43.9826739Z</startTime>
  <endTime>2025-11-03T23:20:43.9826739Z</endTime>
  <complete>True</complete>
  <is_temp>False</is_temp>
  <is_readonly>True</is_readonly>
  <buildSummary />
</deployment>