﻿<?xml version="1.0" encoding="utf-8"?>
<deployment>
  <id>42c327f1fa5d566f88bc1676b781f86486ef04df1762213261347</id>
  <author>Longevitate</author>
  <deployer>GitHub</deployer>
  <authorEmail />
  <message>{"type":"Deployment","sha":"42c327f1fa5d566f88bc1676b781f86486ef04df","repoName":"Longevitate/ProvGPT","actor":"Longevitate","slotName":"production"}</message>
  <progress />
  <status>Success</status>
  <statusText />
  <lastSuccessEndTime>2025-11-03T23:41:04.1338793Z</lastSuccessEndTime>
  <receivedTime>2025-11-03T23:41:04.1338793Z</receivedTime>
  <startTime>2025-11-03T23:41:04.1338793Z</startTime>
  <endTime>2025-11-03T23:41:04.1338793Z</endTime>
  <complete>True</complete>
  <is_temp>False</is_temp>
  <is_readonly>True</is_readonly>
  <buildSummary />
</deployment>