﻿<?xml version="1.0" encoding="utf-8"?>
<deployment>
  <id>6745169c6d7b17e2298d291dfa88b32415fc81c71762202902406</id>
  <author>Longevitate</author>
  <deployer>GitHub</deployer>
  <authorEmail />
  <message>{"type":"Deployment","sha":"6745169c6d7b17e2298d291dfa88b32415fc81c7","repoName":"Longevitate/ProvGPT","actor":"Longevitate","slotName":"production"}</message>
  <progress />
  <status>Success</status>
  <statusText />
  <lastSuccessEndTime>2025-11-03T20:48:38.6896106Z</lastSuccessEndTime>
  <receivedTime>2025-11-03T20:48:38.6896106Z</receivedTime>
  <startTime>2025-11-03T20:48:38.6896106Z</startTime>
  <endTime>2025-11-03T20:48:38.6896106Z</endTime>
  <complete>True</complete>
  <is_temp>False</is_temp>
  <is_readonly>True</is_readonly>
  <buildSummary />
</deployment>