﻿<?xml version="1.0" encoding="utf-8"?>
<deployment>
  <id>7e207189d276a7ff78e38b8a7bf974610fd2c40f1762025836393</id>
  <author>Longevitate</author>
  <deployer>GitHub</deployer>
  <authorEmail />
  <message>{"type":"Deployment","sha":"7e207189d276a7ff78e38b8a7bf974610fd2c40f","repoName":"Longevitate/ProvGPT","actor":"Longevitate","slotName":"production"}</message>
  <progress />
  <status>Success</status>
  <statusText />
  <lastSuccessEndTime>2025-11-01T19:37:26.6517175Z</lastSuccessEndTime>
  <receivedTime>2025-11-01T19:37:26.6517175Z</receivedTime>
  <startTime>2025-11-01T19:37:26.6517175Z</startTime>
  <endTime>2025-11-01T19:37:26.6517175Z</endTime>
  <complete>True</complete>
  <is_temp>False</is_temp>
  <is_readonly>True</is_readonly>
  <buildSummary />
</deployment>