﻿<?xml version="1.0" encoding="utf-8"?>
<deployment>
  <id>320edf99f3c866af2661c88de9142471f2bf84311762215082679</id>
  <author>Longevitate</author>
  <deployer>GitHub</deployer>
  <authorEmail />
  <message>{"type":"Deployment","sha":"320edf99f3c866af2661c88de9142471f2bf8431","repoName":"Longevitate/ProvGPT","actor":"Longevitate","slotName":"production"}</message>
  <progress />
  <status>Success</status>
  <statusText />
  <lastSuccessEndTime>2025-11-04T00:11:23.5655222Z</lastSuccessEndTime>
  <receivedTime>2025-11-04T00:11:23.5655222Z</receivedTime>
  <startTime>2025-11-04T00:11:23.5655222Z</startTime>
  <endTime>2025-11-04T00:11:23.5655222Z</endTime>
  <complete>True</complete>
  <is_temp>False</is_temp>
  <is_readonly>True</is_readonly>
  <buildSummary />
</deployment>