﻿<?xml version="1.0" encoding="utf-8"?>
<deployment>
  <id>3f78fa05b8e21bd5ca9f8dbcf25f7d03bff584481762025134944</id>
  <author>Longevitate</author>
  <deployer>GitHub</deployer>
  <authorEmail />
  <message>{"type":"Deployment","sha":"3f78fa05b8e21bd5ca9f8dbcf25f7d03bff58448","repoName":"Longevitate/ProvGPT","actor":"Longevitate","slotName":"production"}</message>
  <progress />
  <status>Success</status>
  <statusText />
  <lastSuccessEndTime>2025-11-01T19:25:45.150761Z</lastSuccessEndTime>
  <receivedTime>2025-11-01T19:25:45.150761Z</receivedTime>
  <startTime>2025-11-01T19:25:45.150761Z</startTime>
  <endTime>2025-11-01T19:25:45.150761Z</endTime>
  <complete>True</complete>
  <is_temp>False</is_temp>
  <is_readonly>True</is_readonly>
  <buildSummary />
</deployment>