﻿<?xml version="1.0" encoding="utf-8"?>
<deployment>
  <id>0333aeb2c43ff1086bd0f3e59ac6bc237692f4b51762022357161</id>
  <author>Longevitate</author>
  <deployer>GitHub</deployer>
  <authorEmail />
  <message>{"type":"Deployment","sha":"0333aeb2c43ff1086bd0f3e59ac6bc237692f4b5","repoName":"Longevitate/ProvGPT","actor":"Longevitate","slotName":"production"}</message>
  <progress />
  <status>Success</status>
  <statusText />
  <lastSuccessEndTime>2025-11-01T18:39:20.2847293Z</lastSuccessEndTime>
  <receivedTime>2025-11-01T18:39:20.2847293Z</receivedTime>
  <startTime>2025-11-01T18:39:20.2847293Z</startTime>
  <endTime>2025-11-01T18:39:20.2847293Z</endTime>
  <complete>True</complete>
  <is_temp>False</is_temp>
  <is_readonly>True</is_readonly>
  <buildSummary />
</deployment>