﻿<?xml version="1.0" encoding="utf-8"?>
<deployment>
  <id>7e8b6f8b9fed9e110636a0c9f5ac4df96ce3a2121762021964576</id>
  <author>Longevitate</author>
  <deployer>GitHub</deployer>
  <authorEmail />
  <message>{"type":"Deployment","sha":"7e8b6f8b9fed9e110636a0c9f5ac4df96ce3a212","repoName":"Longevitate/ProvGPT","actor":"Longevitate","slotName":"production"}</message>
  <progress />
  <status>Success</status>
  <statusText />
  <lastSuccessEndTime>2025-11-01T18:32:54.4102184Z</lastSuccessEndTime>
  <receivedTime>2025-11-01T18:32:54.4102184Z</receivedTime>
  <startTime>2025-11-01T18:32:54.4102184Z</startTime>
  <endTime>2025-11-01T18:32:54.4102184Z</endTime>
  <complete>True</complete>
  <is_temp>False</is_temp>
  <is_readonly>True</is_readonly>
  <buildSummary />
</deployment>