﻿<?xml version="1.0" encoding="utf-8"?>
<deployment>
  <id>2d09ff02bf68c973799d48e4c65d5f6fd707c3bb1762211599801</id>
  <author>Longevitate</author>
  <deployer>GitHub</deployer>
  <authorEmail />
  <message>{"type":"Deployment","sha":"2d09ff02bf68c973799d48e4c65d5f6fd707c3bb","repoName":"Longevitate/ProvGPT","actor":"Longevitate","slotName":"production"}</message>
  <progress />
  <status>Success</status>
  <statusText />
  <lastSuccessEndTime>2025-11-03T23:13:31.8483309Z</lastSuccessEndTime>
  <receivedTime>2025-11-03T23:13:31.8483309Z</receivedTime>
  <startTime>2025-11-03T23:13:31.8483309Z</startTime>
  <endTime>2025-11-03T23:13:31.8483309Z</endTime>
  <complete>True</complete>
  <is_temp>False</is_temp>
  <is_readonly>True</is_readonly>
  <buildSummary />
</deployment>