﻿<?xml version="1.0" encoding="utf-8"?>
<deployment>
  <id>bb057701423f812f8121521b72474f095eda3cfa1762199708782</id>
  <author>Longevitate</author>
  <deployer>GitHub</deployer>
  <authorEmail />
  <message>{"type":"Deployment","sha":"bb057701423f812f8121521b72474f095eda3cfa","repoName":"Longevitate/ProvGPT","actor":"Longevitate","slotName":"production"}</message>
  <progress />
  <status>Success</status>
  <statusText />
  <lastSuccessEndTime>2025-11-03T19:55:23.1396058Z</lastSuccessEndTime>
  <receivedTime>2025-11-03T19:55:23.1396058Z</receivedTime>
  <startTime>2025-11-03T19:55:23.1396058Z</startTime>
  <endTime>2025-11-03T19:55:23.1396058Z</endTime>
  <complete>True</complete>
  <is_temp>False</is_temp>
  <is_readonly>True</is_readonly>
  <buildSummary />
</deployment>